sim_i,V_pH_af,V_uc_af,epsilon,alpha_pc,M,ERROR,Error msg
0,0.05194868086041674,0.3978,1.5625e-07,4.2033333333333316e-05,1.5600000000000002e-07,False,
